partition,method,scene,frame,filename,iou
N5K,kMean++,1,0,1_000.png,0.2476735027062025
N5K,kMean++,1,1,1_001.png,0.2727999019989028
N5K,kMean++,1,2,1_002.png,0.28209877597643007
N5K,kMean++,1,3,1_003.png,0.2672966343062993
N5K,kMean++,1,4,1_004.png,0.22788963049426378
N5K,kMean++,1,5,1_005.png,0.30654423693782457
N5K,kMean++,1,6,1_006.png,0.35476923570351837
N5K,kMean++,1,7,1_007.png,0.299052487156357
N5K,kMean++,1,8,1_008.png,0.27461109226227
N5K,kMean++,1,9,1_009.png,0.3277866838409789
N5K,kMean++,1,10,1_010.png,0.3033757869785522
N5K,kMean++,1,11,1_011.png,0.3008687487747753
N5K,kMean++,1,12,1_012.png,0.3129172541363894
N5K,kMean++,1,13,1_013.png,0.3120817824074426
N5K,kMean++,1,14,1_014.png,0.24189427175352574
N5K,kMean++,1,15,1_015.png,0.22863214486546665
N5K,kMean++,1,16,1_016.png,0.24510109083738846
N5K,kMean++,1,17,1_017.png,0.7307809314360496
N5K,kMean++,1,18,1_018.png,0.7196730615151785
N5K,kMean++,1,19,1_019.png,0.7346482983830246
N5K,kMean++,1,20,1_020.png,0.7438156519085888
N5K,kMean++,1,21,1_021.png,0.7417514190122676
N5K,kMean++,1,22,1_022.png,0.7772043050607166
N5K,kMean++,1,23,1_023.png,0.7872308645852077
N5K,kMean++,1,24,1_024.png,0.7905298435106817
N5K,kMean++,1,25,1_025.png,0.792625511661002
N5K,kMean++,1,26,1_026.png,0.7906623459134453
N5K,kMean++,1,27,1_027.png,0.7794414582521028
N5K,kMean++,1,28,1_028.png,0.7870035288290402
N5K,kMean++,1,29,1_029.png,0.7797013025902081
N5K,kMean++,1,30,1_030.png,0.7744579763283385
N5K,kMean++,1,31,1_031.png,0.7642926858463508
N5K,kMean++,1,32,1_032.png,0.6517258581352253
N5K,kMean++,1,33,1_033.png,0.6486503789063082
N5K,kMean++,1,34,1_034.png,0.6473557135866714
N5K,kMean++,1,35,1_035.png,0.6889157179739077
N5K,kMean++,1,36,1_036.png,0.7112107479188764
N5K,kMean++,1,37,1_037.png,0.73369767689401
N5K,kMean++,1,38,1_038.png,0.7224811116049253
N5K,kMean++,1,39,1_039.png,0.7001600780476962
N5K,kMean++,1,40,1_040.png,0.7060438385948198
N5K,kMean++,1,41,1_041.png,0.6889800650467606
N5K,kMean++,1,42,1_042.png,0.6665322930576435
N5K,kMean++,1,43,1_043.png,0.6089302543867592
N5K,kMean++,1,44,1_044.png,0.6110719006409457
N5K,kMean++,1,45,1_045.png,0.5708559753371101
N5K,kMean++,1,46,1_046.png,0.5724305032579156
N5K,kMean++,1,47,1_047.png,0.492149887626685
N5K,kMean++,1,48,1_048.png,0.12995157008622293
N5K,kMean++,1,49,1_049.png,0.11364564524268617
N5K,kMean++,1,50,1_050.png,0.13572466510255052
N5K,kMean++,1,51,1_051.png,0.13839135451767853
N5K,kMean++,1,52,1_052.png,0.15308926665947997
N5K,kMean++,1,53,1_053.png,0.17079554062190455
N5K,kMean++,1,54,1_054.png,0.1548144764225166
N5K,kMean++,1,55,1_055.png,0.17056077438794234
N5K,kMean++,1,56,1_056.png,0.17692939682675174
N5K,kMean++,1,57,1_057.png,0.13599086381678702
N5K,kMean++,1,58,1_058.png,0.16860450428829465
N5K,kMean++,1,59,1_059.png,0.14485628232249634
N5K,kMean++,1,60,1_060.png,0.14074166515577136
N5K,kMean++,1,61,1_061.png,0.11656993455023702
N5K,kMean++,1,62,1_062.png,0.11830593267541051
N5K,kMean++,1,63,1_063.png,0.4528515555260306
N5K,kMean++,10,0,10_000.png,0.31295189802898926
N5K,kMean++,10,1,10_001.png,0.33252826503761757
N5K,kMean++,10,2,10_002.png,0.31649788010543994
N5K,kMean++,10,3,10_003.png,0.31477528598272125
N5K,kMean++,10,4,10_004.png,0.30838726479588513
N5K,kMean++,10,5,10_005.png,0.3629113659571588
N5K,kMean++,10,6,10_006.png,0.3675450031125934
N5K,kMean++,10,7,10_007.png,0.3505205778594371
N5K,kMean++,10,8,10_008.png,0.3771321631634587
N5K,kMean++,10,9,10_009.png,0.3693121015443073
N5K,kMean++,10,10,10_010.png,0.3519959264172212
N5K,kMean++,10,11,10_011.png,0.3535120622540529
N5K,kMean++,10,12,10_012.png,0.32403210137275607
N5K,kMean++,10,13,10_013.png,0.14172317520100047
N5K,kMean++,10,14,10_014.png,0.29963523938177244
N5K,kMean++,10,15,10_015.png,0.2555884823198577
N5K,kMean++,10,16,10_016.png,0.1943498223315671
N5K,kMean++,10,17,10_017.png,0.2103511905689007
N5K,kMean++,10,18,10_018.png,0.19047290419419954
N5K,kMean++,10,19,10_019.png,0.1898424848183113
N5K,kMean++,10,20,10_020.png,0.20166641415499004
N5K,kMean++,10,21,10_021.png,0.23954874220988945
N5K,kMean++,10,22,10_022.png,0.2669789636517772
N5K,kMean++,10,23,10_023.png,0.2602803575953417
N5K,kMean++,10,24,10_024.png,0.23432209055164302
N5K,kMean++,10,25,10_025.png,0.27209074589566773
N5K,kMean++,10,26,10_026.png,0.23036564188023304
N5K,kMean++,10,27,10_027.png,0.21943306244946623
N5K,kMean++,10,28,10_028.png,0.22782601946953543
N5K,kMean++,10,29,10_029.png,0.11753560335720101
N5K,kMean++,10,30,10_030.png,0.11448549085965866
N5K,kMean++,10,31,10_031.png,0.14667135414358184
N5K,kMean++,10,32,10_032.png,0.1496763070929687
N5K,kMean++,10,33,10_033.png,0.14844198860043897
N5K,kMean++,10,34,10_034.png,0.14287575875506936
N5K,kMean++,10,35,10_035.png,0.1442155762569876
N5K,kMean++,10,36,10_036.png,0.12308441506602162
N5K,kMean++,10,37,10_037.png,0.12964302843213685
N5K,kMean++,10,38,10_038.png,0.16679381814922117
N5K,kMean++,10,39,10_039.png,0.1855032918667615
N5K,kMean++,10,40,10_040.png,0.1642709849587579
N5K,kMean++,10,41,10_041.png,0.16362730114004817
N5K,kMean++,10,42,10_042.png,0.14914694504831635
N5K,kMean++,10,43,10_043.png,0.24717687671874086
N5K,kMean++,10,44,10_044.png,0.25654813676754723
N5K,kMean++,10,45,10_045.png,0.267677908496732
N5K,kMean++,10,46,10_046.png,0.2744774483251231
N5K,kMean++,10,47,10_047.png,0.2724483757272961
N5K,kMean++,10,48,10_048.png,0.27381461348968833
N5K,kMean++,10,49,10_049.png,0.2716481227272867
N5K,kMean++,10,50,10_050.png,0.27056407803201066
N5K,kMean++,10,51,10_051.png,0.2625275553432541
N5K,kMean++,10,52,10_052.png,0.2911778953156503
N5K,kMean++,10,53,10_053.png,0.28177607160694523
N5K,kMean++,10,54,10_054.png,0.27502861836222653
N5K,kMean++,10,55,10_055.png,0.2678942912690748
N5K,kMean++,10,56,10_056.png,0.2775867705839547
N5K,kMean++,10,57,10_057.png,0.24650684840940473
N5K,kMean++,2,0,2_000.png,0.30299991573270413
N5K,kMean++,2,1,2_001.png,0.31656272607436253
N5K,kMean++,2,2,2_002.png,0.3049782134151003
N5K,kMean++,2,3,2_003.png,0.30420864485286936
N5K,kMean++,2,4,2_004.png,0.3263581966785799
N5K,kMean++,2,5,2_005.png,0.3596525239370755
N5K,kMean++,2,6,2_006.png,0.3403288538008301
N5K,kMean++,2,7,2_007.png,0.3571780732002019
N5K,kMean++,2,8,2_008.png,0.394658372357308
N5K,kMean++,2,9,2_009.png,0.35125800288082587
N5K,kMean++,2,10,2_010.png,0.39541653340914207
N5K,kMean++,2,11,2_011.png,0.33983599978672113
N5K,kMean++,2,12,2_012.png,0.3137628969006086
N5K,kMean++,2,13,2_013.png,0.3620089077316216
N5K,kMean++,2,14,2_014.png,0.2593235242538834
N5K,kMean++,2,15,2_015.png,0.3027860536062198
N5K,kMean++,2,16,2_016.png,0.32298292415070756
N5K,kMean++,2,17,2_017.png,0.04743245459390759
N5K,kMean++,2,18,2_018.png,0.06588879701651087
N5K,kMean++,2,19,2_019.png,0.05730197650761174
N5K,kMean++,2,20,2_020.png,0.34278003399193574
N5K,kMean++,2,21,2_021.png,0.4020901765944553
N5K,kMean++,2,22,2_022.png,0.4083311914639097
N5K,kMean++,2,23,2_023.png,0.37837595984699085
N5K,kMean++,2,24,2_024.png,0.3968457255197559
N5K,kMean++,2,25,2_025.png,0.41148418670542564
N5K,kMean++,2,26,2_026.png,0.3470910404326914
N5K,kMean++,2,27,2_027.png,0.34463017124265577
N5K,kMean++,2,28,2_028.png,0.016781290886134857
N5K,kMean++,2,29,2_029.png,0.04084085784311057
N5K,kMean++,2,30,2_030.png,0.056798064130901625
N5K,kMean++,2,31,2_031.png,0.2149298372751828
N5K,kMean++,2,32,2_032.png,0.22364488586635894
N5K,kMean++,2,33,2_033.png,0.23299333927672033
N5K,kMean++,2,34,2_034.png,0.21607978710912634
N5K,kMean++,2,35,2_035.png,0.20014875409976682
N5K,kMean++,2,36,2_036.png,0.24484265074784511
N5K,kMean++,2,37,2_037.png,0.23418512384510118
N5K,kMean++,2,38,2_038.png,0.3387243556437265
N5K,kMean++,2,39,2_039.png,0.38497900825921894
N5K,kMean++,2,40,2_040.png,0.3728267693359897
N5K,kMean++,2,41,2_041.png,0.3925449802807873
N5K,kMean++,2,42,2_042.png,0.4074072735617396
N5K,kMean++,2,43,2_043.png,0.3389532219311821
N5K,kMean++,2,44,2_044.png,0.31500308665792115
N5K,kMean++,2,45,2_045.png,0.25299050104998727
N5K,kMean++,2,46,2_046.png,0.2400368654702315
N5K,kMean++,2,47,2_047.png,0.22020426989312525
N5K,kMean++,2,48,2_048.png,0.223234655349333
N5K,kMean++,2,49,2_049.png,0.13751613509618396
N5K,kMean++,2,50,2_050.png,0.2128048009409373
N5K,kMean++,2,51,2_051.png,0.17810818791366284
N5K,kMean++,2,52,2_052.png,0.20217164281807026
N5K,kMean++,2,53,2_053.png,0.1826799071446995
N5K,kMean++,2,54,2_054.png,0.18228266888805797
N5K,kMean++,2,55,2_055.png,0.20341019485779027
N5K,kMean++,2,56,2_056.png,0.21101558506197615
N5K,kMean++,2,57,2_057.png,0.18554743286832046
N5K,kMean++,2,58,2_058.png,0.17960752053099335
N5K,kMean++,2,59,2_059.png,0.140780645638124
N5K,kMean++,2,60,2_060.png,0.15449179173833852
N5K,kMean++,3,0,3_000.png,0.0953238865789939
N5K,kMean++,3,1,3_001.png,0.10490150028151664
N5K,kMean++,3,2,3_002.png,0.1005676579561515
N5K,kMean++,3,3,3_003.png,0.09506025628795828
N5K,kMean++,3,4,3_004.png,0.11086777037624052
N5K,kMean++,3,5,3_005.png,0.20685480625271666
N5K,kMean++,3,6,3_006.png,0.14687150447427294
N5K,kMean++,3,7,3_007.png,0.1967626274819421
N5K,kMean++,3,8,3_008.png,0.14373052914594306
N5K,kMean++,3,9,3_009.png,0.11938101540512283
N5K,kMean++,3,10,3_010.png,0.15173040820965258
N5K,kMean++,3,11,3_011.png,0.11529951214310469
N5K,kMean++,3,12,3_012.png,0.11921444831333233
N5K,kMean++,3,13,3_013.png,0.1262384933155515
N5K,kMean++,3,14,3_014.png,0.092438189033829
N5K,kMean++,3,15,3_015.png,0.1076662265962554
N5K,kMean++,3,16,3_016.png,0.10626561321644042
N5K,kMean++,3,17,3_017.png,0.005669221829083567
N5K,kMean++,3,18,3_018.png,0.003330344390631544
N5K,kMean++,3,19,3_019.png,0.0035125175966093545
N5K,kMean++,3,20,3_020.png,0.0026137222655440435
N5K,kMean++,3,21,3_021.png,0.001627965730499168
N5K,kMean++,3,22,3_022.png,0.0010561802704350317
N5K,kMean++,3,23,3_023.png,0.0007837497753010966
N5K,kMean++,3,24,3_024.png,0.0006726673782248783
N5K,kMean++,3,25,3_025.png,0.0008008245638285725
N5K,kMean++,3,26,3_026.png,0.0018775840487539669
N5K,kMean++,3,27,3_027.png,0.001901131063334486
N5K,kMean++,3,28,3_028.png,0.0014825496476833894
N5K,kMean++,3,29,3_029.png,0.002078973549692957
N5K,kMean++,3,30,3_030.png,0.0028601661620341755
N5K,kMean++,3,31,3_031.png,0.00350576030649687
N5K,kMean++,3,32,3_032.png,0.043396285508471924
N5K,kMean++,3,33,3_033.png,0.03424960338910056
N5K,kMean++,3,34,3_034.png,0.16572343360579436
N5K,kMean++,3,35,3_035.png,0.030809594279047753
N5K,kMean++,3,36,3_036.png,0.025933519057407727
N5K,kMean++,3,37,3_037.png,0.029157517026287313
N5K,kMean++,3,38,3_038.png,0.029761617157648218
N5K,kMean++,3,39,3_039.png,0.016062758690548185
N5K,kMean++,3,40,3_040.png,0.017604767838405037
N5K,kMean++,3,41,3_041.png,0.014535111051793585
N5K,kMean++,3,42,3_042.png,0.0112268080272624
N5K,kMean++,3,43,3_043.png,0.009265648205099385
N5K,kMean++,3,44,3_044.png,0.0075006817825553854
N5K,kMean++,3,45,3_045.png,0.004940110692580187
N5K,kMean++,3,46,3_046.png,0.0027864447657571694
N5K,kMean++,3,47,3_047.png,0.03580180371767749
N5K,kMean++,3,48,3_048.png,0.03814540729861032
N5K,kMean++,3,49,3_049.png,0.02606365747731029
N5K,kMean++,3,50,3_050.png,0.04181586423714067
N5K,kMean++,3,51,3_051.png,0.041208358361808355
N5K,kMean++,3,52,3_052.png,0.03880834620948325
N5K,kMean++,3,53,3_053.png,0.04714989849458599
N5K,kMean++,3,54,3_054.png,0.05173999986503782
N5K,kMean++,3,55,3_055.png,0.04754276780613932
N5K,kMean++,3,56,3_056.png,0.05288428569739533
N5K,kMean++,3,57,3_057.png,0.05642510968328293
N5K,kMean++,3,58,3_058.png,0.0621862332445213
N5K,kMean++,3,59,3_059.png,0.06451916036123993
N5K,kMean++,3,60,3_060.png,0.059028763207441215
N5K,kMean++,3,61,3_061.png,0.057777251884372306
N5K,kMean++,3,62,3_062.png,0.03914658235839163
N5K,kMean++,4,0,4_000.png,0.024480005687803216
N5K,kMean++,4,1,4_001.png,0.030532544378698224
N5K,kMean++,4,2,4_002.png,0.0464816516187674
N5K,kMean++,4,3,4_003.png,0.03716166616749764
N5K,kMean++,4,4,4_004.png,0.028899751307778065
N5K,kMean++,4,5,4_005.png,0.044000883787963865
N5K,kMean++,4,6,4_006.png,0.07231858836283754
N5K,kMean++,4,7,4_007.png,0.05788599537793853
N5K,kMean++,4,8,4_008.png,0.08102323776015839
N5K,kMean++,4,9,4_009.png,0.06560602830310677
N5K,kMean++,4,10,4_010.png,0.0901763688680591
N5K,kMean++,4,11,4_011.png,0.07833559538471738
N5K,kMean++,4,12,4_012.png,0.0732483542708515
N5K,kMean++,4,13,4_013.png,0.06760763645001804
N5K,kMean++,4,14,4_014.png,0.04654822876653863
N5K,kMean++,4,15,4_015.png,0.030163382156671636
N5K,kMean++,4,16,4_016.png,0.025421219810419723
N5K,kMean++,4,17,4_017.png,0.0012147994418005511
N5K,kMean++,4,18,4_018.png,0.0012154053563848983
N5K,kMean++,4,19,4_019.png,0.0013108776476526626
N5K,kMean++,4,20,4_020.png,0.0011964955722103036
N5K,kMean++,4,21,4_021.png,0.001222902872782189
N5K,kMean++,4,22,4_022.png,0.0010319110957972269
N5K,kMean++,4,23,4_023.png,0.0010907213899949112
N5K,kMean++,4,24,4_024.png,0.0010790447258399254
N5K,kMean++,4,25,4_025.png,0.0011875196254745796
N5K,kMean++,4,26,4_026.png,0.001224014372297791
N5K,kMean++,4,27,4_027.png,0.0012285148743604725
N5K,kMean++,4,28,4_028.png,0.0011965125046844594
N5K,kMean++,4,29,4_029.png,0.0011969002312654685
N5K,kMean++,4,30,4_030.png,0.0013527425958292432
N5K,kMean++,4,31,4_031.png,0.0013051854730937453
N5K,kMean++,4,32,4_032.png,0.006434442986149098
N5K,kMean++,4,33,4_033.png,0.005579311330617172
N5K,kMean++,4,34,4_034.png,0.0037718478427652778
N5K,kMean++,4,35,4_035.png,0.004061091984565263
N5K,kMean++,4,36,4_036.png,0.0035879041316628215
N5K,kMean++,4,37,4_037.png,0.002698716958115135
N5K,kMean++,4,38,4_038.png,0.0029076248122925754
N5K,kMean++,4,39,4_039.png,0.0020672630610581283
N5K,kMean++,4,40,4_040.png,0.0010668143064722255
N5K,kMean++,4,41,4_041.png,0.000330160869199023
N5K,kMean++,4,42,4_042.png,8.233822512624254e-05
N5K,kMean++,4,43,4_043.png,0.0
N5K,kMean++,4,44,4_044.png,2.2879002109443992e-06
N5K,kMean++,4,45,4_045.png,0.00035931645328827393
N5K,kMean++,4,46,4_046.png,0.00048251175421075665
N5K,kMean++,4,47,4_047.png,0.008798263920184702
N5K,kMean++,4,48,4_048.png,0.00891508197130692
N5K,kMean++,4,49,4_049.png,0.010457688863533475
N5K,kMean++,4,50,4_050.png,0.010128082231978917
N5K,kMean++,4,51,4_051.png,0.01262856807540568
N5K,kMean++,4,52,4_052.png,0.015705738999604136
N5K,kMean++,4,53,4_053.png,0.017904635197836662
N5K,kMean++,4,54,4_054.png,0.019556454894811115
N5K,kMean++,4,55,4_055.png,0.023752174080130115
N5K,kMean++,4,56,4_056.png,0.022740761293549547
N5K,kMean++,4,57,4_057.png,0.026436009318300913
N5K,kMean++,4,58,4_058.png,0.02668044032842412
N5K,kMean++,4,59,4_059.png,0.02638350959202667
N5K,kMean++,4,60,4_060.png,0.024765464114102662
N5K,kMean++,4,61,4_061.png,0.01680261311163533
N5K,kMean++,4,62,4_062.png,0.020483403213049506
N5K,kMean++,5,0,5_000.png,0.2570636234824994
N5K,kMean++,5,1,5_001.png,0.2687166770703883
N5K,kMean++,5,2,5_002.png,0.29732290427514185
N5K,kMean++,5,3,5_003.png,0.27671667958755763
N5K,kMean++,5,4,5_004.png,0.27369375214686464
N5K,kMean++,5,5,5_005.png,0.3298335091982018
N5K,kMean++,5,6,5_006.png,0.3462381772544778
N5K,kMean++,5,7,5_007.png,0.3674373203491694
N5K,kMean++,5,8,5_008.png,0.361442046630347
N5K,kMean++,5,9,5_009.png,0.34470862055736223
N5K,kMean++,5,10,5_010.png,0.38269673083749495
N5K,kMean++,5,11,5_011.png,0.3043480237123608
N5K,kMean++,5,12,5_012.png,0.29664622263404444
N5K,kMean++,5,13,5_013.png,0.24713084666102744
N5K,kMean++,5,14,5_014.png,0.2693560988794132
N5K,kMean++,5,15,5_015.png,0.26858888516173557
N5K,kMean++,5,16,5_016.png,0.14416501025934336
N5K,kMean++,5,17,5_017.png,0.13419737402703014
N5K,kMean++,5,18,5_018.png,0.11448829860529373
N5K,kMean++,5,19,5_019.png,0.10963623476948124
N5K,kMean++,5,20,5_020.png,0.10317977215064854
N5K,kMean++,5,21,5_021.png,0.08978524720679908
N5K,kMean++,5,22,5_022.png,0.07417503021874133
N5K,kMean++,5,23,5_023.png,0.43270076673972563
N5K,kMean++,5,24,5_024.png,0.41090440794378796
N5K,kMean++,5,25,5_025.png,0.07185135950053476
N5K,kMean++,5,26,5_026.png,0.0771988641742989
N5K,kMean++,5,27,5_027.png,0.07918954825299741
N5K,kMean++,5,28,5_028.png,0.07905034119012508
N5K,kMean++,5,29,5_029.png,0.07275497718747104
N5K,kMean++,5,30,5_030.png,0.09534539570037263
N5K,kMean++,5,31,5_031.png,0.23715762172358235
N5K,kMean++,5,32,5_032.png,0.21863396587025477
N5K,kMean++,5,33,5_033.png,0.2658520260565644
N5K,kMean++,5,34,5_034.png,0.23514960785449546
N5K,kMean++,5,35,5_035.png,0.23655246699614613
N5K,kMean++,5,36,5_036.png,0.25229238371224355
N5K,kMean++,5,37,5_037.png,0.24069210579920683
N5K,kMean++,5,38,5_038.png,0.1358290335958275
N5K,kMean++,5,39,5_039.png,0.12453190893830748
N5K,kMean++,5,40,5_040.png,0.1114609375
N5K,kMean++,5,41,5_041.png,0.11415641678370093
N5K,kMean++,5,42,5_042.png,0.10326412759521518
N5K,kMean++,5,43,5_043.png,0.10311882106409123
N5K,kMean++,5,44,5_044.png,0.10314168464695181
N5K,kMean++,5,45,5_045.png,0.09931860399123273
N5K,kMean++,5,46,5_046.png,0.15996151265354086
N5K,kMean++,5,47,5_047.png,0.16831726970526273
N5K,kMean++,5,48,5_048.png,0.1693185287435956
N5K,kMean++,5,49,5_049.png,0.16535400945822734
N5K,kMean++,5,50,5_050.png,0.1598475019496486
N5K,kMean++,5,51,5_051.png,0.16261203585147246
N5K,kMean++,5,52,5_052.png,0.15886907753717436
N5K,kMean++,5,53,5_053.png,0.16300095469356413
N5K,kMean++,5,54,5_054.png,0.17177321803220916
N5K,kMean++,5,55,5_055.png,0.16887200291628132
N5K,kMean++,5,56,5_056.png,0.18565060778980869
N5K,kMean++,5,57,5_057.png,0.16969933778758833
N5K,kMean++,5,58,5_058.png,0.1651508540222491
N5K,kMean++,5,59,5_059.png,0.17812825756701484
N5K,kMean++,5,60,5_060.png,0.18865814314732943
N5K,kMean++,6,0,6_000.png,0.3159526095029135
N5K,kMean++,6,1,6_001.png,0.3188276801202152
N5K,kMean++,6,2,6_002.png,0.2843565893737752
N5K,kMean++,6,3,6_003.png,0.31781580526782205
N5K,kMean++,6,4,6_004.png,0.328501267517619
N5K,kMean++,6,5,6_005.png,0.32533890418417527
N5K,kMean++,6,6,6_006.png,0.3404228184857019
N5K,kMean++,6,7,6_007.png,0.34215009673413993
N5K,kMean++,6,8,6_008.png,0.2587890559043487
N5K,kMean++,6,9,6_009.png,0.22919778483572303
N5K,kMean++,6,10,6_010.png,0.20033827578742197
N5K,kMean++,6,11,6_011.png,0.21054566633583124
N5K,kMean++,6,12,6_012.png,0.19067779735770538
N5K,kMean++,6,13,6_013.png,0.19183250196683044
N5K,kMean++,6,14,6_014.png,0.18548279071830973
N5K,kMean++,6,15,6_015.png,0.16201186940719756
N5K,kMean++,6,16,6_016.png,0.1932740959518332
N5K,kMean++,6,17,6_017.png,0.19004827760241927
N5K,kMean++,6,18,6_018.png,0.2001028945415289
N5K,kMean++,6,19,6_019.png,0.1954493301963141
N5K,kMean++,6,20,6_020.png,0.1912893357867322
N5K,kMean++,6,21,6_021.png,0.1878285562961669
N5K,kMean++,6,22,6_022.png,0.250440767574373
N5K,kMean++,6,23,6_023.png,0.2561508159412044
N5K,kMean++,6,24,6_024.png,0.2693475369996667
N5K,kMean++,6,25,6_025.png,0.24598579249828376
N5K,kMean++,6,26,6_026.png,0.190265563293354
N5K,kMean++,6,27,6_027.png,0.2695881075914961
N5K,kMean++,6,28,6_028.png,0.3002541532966332
N5K,kMean++,6,29,6_029.png,0.23652735814900838
N5K,kMean++,6,30,6_030.png,0.30504048641112025
N5K,kMean++,6,31,6_031.png,0.31678486997635935
N5K,kMean++,6,32,6_032.png,0.29156621065281146
N5K,kMean++,6,33,6_033.png,0.3234761336469225
N5K,kMean++,6,34,6_034.png,0.36714248070970196
N5K,kMean++,6,35,6_035.png,0.3444495137597049
N5K,kMean++,6,36,6_036.png,0.11818494583662653
N5K,kMean++,6,37,6_037.png,0.12282746303104614
N5K,kMean++,6,38,6_038.png,0.13847906410040514
N5K,kMean++,6,39,6_039.png,0.1415066600888012
N5K,kMean++,6,40,6_040.png,0.14275891673044735
N5K,kMean++,6,41,6_041.png,0.13031384019881678
N5K,kMean++,6,42,6_042.png,0.14565553343450235
N5K,kMean++,6,43,6_043.png,0.1629836339772107
N5K,kMean++,6,44,6_044.png,0.19601426841496758
N5K,kMean++,6,45,6_045.png,0.16397764719934055
N5K,kMean++,6,46,6_046.png,0.18303549700886518
N5K,kMean++,6,47,6_047.png,0.16803875319243597
N5K,kMean++,6,48,6_048.png,0.1917278337585337
N5K,kMean++,6,49,6_049.png,0.14772889144750984
N5K,kMean++,6,50,6_050.png,0.2578175023605247
N5K,kMean++,6,51,6_051.png,0.27313311068598217
N5K,kMean++,6,52,6_052.png,0.26183338609153933
N5K,kMean++,6,53,6_053.png,0.24068031286537112
N5K,kMean++,6,54,6_054.png,0.25411474611356905
N5K,kMean++,6,55,6_055.png,0.2370130948079721
N5K,kMean++,6,56,6_056.png,0.2444745774676887
N5K,kMean++,6,57,6_057.png,0.25336852354532025
N5K,kMean++,6,58,6_058.png,0.24960755907799587
N5K,kMean++,6,59,6_059.png,0.25765005874490193
N5K,kMean++,6,60,6_060.png,0.26415161229330675
N5K,kMean++,6,61,6_061.png,0.24364131366609687
N5K,kMean++,6,62,6_062.png,0.22473662203414874
N5K,kMean++,6,63,6_063.png,0.2266821471677783
N5K,kMean++,6,64,6_064.png,0.23529219077568134
N5K,kMean++,7,0,7_000.png,0.1873487772410271
N5K,kMean++,7,1,7_001.png,0.2087472967861711
N5K,kMean++,7,2,7_002.png,0.19392937789746434
N5K,kMean++,7,3,7_003.png,0.2056642850327498
N5K,kMean++,7,4,7_004.png,0.18215244110364867
N5K,kMean++,7,5,7_005.png,0.27525376482876607
N5K,kMean++,7,6,7_006.png,0.23703016282906536
N5K,kMean++,7,7,7_007.png,0.24526066172545447
N5K,kMean++,7,8,7_008.png,0.2590724926281929
N5K,kMean++,7,9,7_009.png,0.23058589702450202
N5K,kMean++,7,10,7_010.png,0.26207006359859286
N5K,kMean++,7,11,7_011.png,0.2182163059675783
N5K,kMean++,7,12,7_012.png,0.19237368703224825
N5K,kMean++,7,13,7_013.png,0.2973225821492441
N5K,kMean++,7,14,7_014.png,0.24510154937141604
N5K,kMean++,7,15,7_015.png,0.22326062858415827
N5K,kMean++,7,16,7_016.png,0.2278916948271723
N5K,kMean++,7,17,7_017.png,0.4419231056116825
N5K,kMean++,7,18,7_018.png,0.46367964818518304
N5K,kMean++,7,19,7_019.png,0.3980274224869115
N5K,kMean++,7,20,7_020.png,0.3857203439909344
N5K,kMean++,7,21,7_021.png,0.423438678184488
N5K,kMean++,7,22,7_022.png,0.3891295998788331
N5K,kMean++,7,23,7_023.png,0.38599612915445636
N5K,kMean++,7,24,7_024.png,0.3857677607263589
N5K,kMean++,7,25,7_025.png,0.44115678057325874
N5K,kMean++,7,26,7_026.png,0.43824243840812327
N5K,kMean++,7,27,7_027.png,0.4741435659382456
N5K,kMean++,7,28,7_028.png,0.44789361973404934
N5K,kMean++,7,29,7_029.png,0.380579574064138
N5K,kMean++,7,30,7_030.png,0.3450471542259438
N5K,kMean++,7,31,7_031.png,0.10932040593131268
N5K,kMean++,7,32,7_032.png,0.10798010602294798
N5K,kMean++,7,33,7_033.png,0.10999035919601433
N5K,kMean++,7,34,7_034.png,0.10757803527163237
N5K,kMean++,7,35,7_035.png,0.1239908237246243
N5K,kMean++,7,36,7_036.png,0.12247718200704966
N5K,kMean++,7,37,7_037.png,0.10604435045702532
N5K,kMean++,7,38,7_038.png,0.11016414503492813
N5K,kMean++,7,39,7_039.png,0.1262540909483409
N5K,kMean++,7,40,7_040.png,0.12694681610759442
N5K,kMean++,7,41,7_041.png,0.12310668359814264
N5K,kMean++,7,42,7_042.png,0.12115457312827042
N5K,kMean++,7,43,7_043.png,0.1217743395770879
N5K,kMean++,7,44,7_044.png,0.11787994737286805
N5K,kMean++,7,45,7_045.png,0.11608952118363937
N5K,kMean++,7,46,7_046.png,0.11016241417633721
N5K,kMean++,7,47,7_047.png,0.20645263324371343
N5K,kMean++,7,48,7_048.png,0.19508627005887064
N5K,kMean++,7,49,7_049.png,0.1893447034467206
N5K,kMean++,7,50,7_050.png,0.18827249176638394
N5K,kMean++,7,51,7_051.png,0.1801721929541227
N5K,kMean++,7,52,7_052.png,0.1736469818745709
N5K,kMean++,7,53,7_053.png,0.1487276840517695
N5K,kMean++,7,54,7_054.png,0.15882009921834467
N5K,kMean++,7,55,7_055.png,0.1595666105068398
N5K,kMean++,7,56,7_056.png,0.1476725633666544
N5K,kMean++,7,57,7_057.png,0.1427083522634343
N5K,kMean++,7,58,7_058.png,0.1369118782063893
N5K,kMean++,7,59,7_059.png,0.13282980328608546
N5K,kMean++,8,0,8_000.png,0.1838552742595215
N5K,kMean++,8,1,8_001.png,0.15116600732457258
N5K,kMean++,8,2,8_002.png,0.18566974566140626
N5K,kMean++,8,3,8_003.png,0.19260326672879133
N5K,kMean++,8,4,8_004.png,0.20267754720739656
N5K,kMean++,8,5,8_005.png,0.232564982416439
N5K,kMean++,8,6,8_006.png,0.2377315355294502
N5K,kMean++,8,7,8_007.png,0.17769105494294948
N5K,kMean++,8,8,8_008.png,0.25032846364731354
N5K,kMean++,8,9,8_009.png,0.28343573567294134
N5K,kMean++,8,10,8_010.png,0.22384261537929437
N5K,kMean++,8,11,8_011.png,0.2869770115107274
N5K,kMean++,8,12,8_012.png,0.27548269445157847
N5K,kMean++,8,13,8_013.png,0.22525110209885288
N5K,kMean++,8,14,8_014.png,0.22224968461162173
N5K,kMean++,8,15,8_015.png,0.21939389116430347
N5K,kMean++,8,16,8_016.png,0.2750106588744229
N5K,kMean++,8,17,8_017.png,0.24088877575496498
N5K,kMean++,8,18,8_018.png,0.26771397724773577
N5K,kMean++,8,19,8_019.png,0.04872308750925536
N5K,kMean++,8,20,8_020.png,0.056887411290202264
N5K,kMean++,8,21,8_021.png,0.0453422406429198
N5K,kMean++,8,22,8_022.png,0.04728175323889091
N5K,kMean++,8,23,8_023.png,0.04344225185635009
N5K,kMean++,8,24,8_024.png,0.03946364690363214
N5K,kMean++,8,25,8_025.png,0.03237124632616215
N5K,kMean++,8,26,8_026.png,0.02732166310846514
N5K,kMean++,8,27,8_027.png,0.025673010892916768
N5K,kMean++,8,28,8_028.png,0.017785827598359037
N5K,kMean++,8,29,8_029.png,0.03601218767508766
N5K,kMean++,8,30,8_030.png,0.033095842504467336
N5K,kMean++,8,31,8_031.png,0.036384630540668095
N5K,kMean++,8,32,8_032.png,0.047642971049253864
N5K,kMean++,8,33,8_033.png,0.1388184270562966
N5K,kMean++,8,34,8_034.png,0.13510877699163337
N5K,kMean++,8,35,8_035.png,0.1356768739326759
N5K,kMean++,8,36,8_036.png,0.07638170926748843
N5K,kMean++,8,37,8_037.png,0.12875851221743154
N5K,kMean++,8,38,8_038.png,0.10961770965777912
N5K,kMean++,8,39,8_039.png,0.10283994591584583
N5K,kMean++,8,40,8_040.png,0.06660595962683095
N5K,kMean++,8,41,8_041.png,0.07714059643556063
N5K,kMean++,8,42,8_042.png,0.07370477862721317
N5K,kMean++,8,43,8_043.png,0.06327228236466444
N5K,kMean++,8,44,8_044.png,0.060272688774479596
N5K,kMean++,8,45,8_045.png,0.05124399484435418
N5K,kMean++,8,46,8_046.png,0.04611375328012863
N5K,kMean++,8,47,8_047.png,0.07549339270953917
N5K,kMean++,8,48,8_048.png,0.08036757003433005
N5K,kMean++,8,49,8_049.png,0.0833545116249896
N5K,kMean++,8,50,8_050.png,0.08684513437879508
N5K,kMean++,8,51,8_051.png,0.0890642533711396
N5K,kMean++,8,52,8_052.png,0.0911710470282909
N5K,kMean++,8,53,8_053.png,0.08682054807975641
N5K,kMean++,8,54,8_054.png,0.09057658425157965
N5K,kMean++,8,55,8_055.png,0.09355645858805654
N5K,kMean++,8,56,8_056.png,0.09183872275668872
N5K,kMean++,8,57,8_057.png,0.09423214399759372
N5K,kMean++,8,58,8_058.png,0.10023764388160426
N5K,kMean++,8,59,8_059.png,0.10659703741957242
N5K,kMean++,8,60,8_060.png,0.11312438682624415
N5K,kMean++,8,61,8_061.png,0.11804851415646206
N5K,kMean++,8,62,8_062.png,0.11930401368211707
N5K,kMean++,9,0,9_000.png,0.3701157423557535
N5K,kMean++,9,1,9_001.png,0.0925701119185764
N5K,kMean++,9,2,9_002.png,0.3785023567348339
N5K,kMean++,9,3,9_003.png,0.379377252743812
N5K,kMean++,9,4,9_004.png,0.39352668417523573
N5K,kMean++,9,5,9_005.png,0.37035199811302577
N5K,kMean++,9,6,9_006.png,0.1274870565724553
N5K,kMean++,9,7,9_007.png,0.17406173280384213
N5K,kMean++,9,8,9_008.png,0.17827259370744641
N5K,kMean++,9,9,9_009.png,0.18549379649495923
N5K,kMean++,9,10,9_010.png,0.10666352870355694
N5K,kMean++,9,11,9_011.png,0.0899725104074197
N5K,kMean++,9,12,9_012.png,0.07548998500213473
N5K,kMean++,9,13,9_013.png,0.0827007486968038
N5K,kMean++,9,14,9_014.png,0.07613047900195541
N5K,kMean++,9,15,9_015.png,0.08881847922485583
N5K,kMean++,9,16,9_016.png,0.16356228658954627
N5K,kMean++,9,17,9_017.png,0.18389762001749382
N5K,kMean++,9,18,9_018.png,0.32383159004378353
N5K,kMean++,9,19,9_019.png,0.3236189827900025
N5K,kMean++,9,20,9_020.png,0.2480578409958862
N5K,kMean++,9,21,9_021.png,0.26517882347354343
N5K,kMean++,9,22,9_022.png,0.29553436384119325
N5K,kMean++,9,23,9_023.png,0.2061990317810772
N5K,kMean++,9,24,9_024.png,0.28342603881892325
N5K,kMean++,9,25,9_025.png,0.2798265702959309
N5K,kMean++,9,26,9_026.png,0.3136851230908795
N5K,kMean++,9,27,9_027.png,0.3303785570575668
N5K,kMean++,9,28,9_028.png,0.39673153114809506
N5K,kMean++,9,29,9_029.png,0.2808128541507938
N5K,kMean++,9,30,9_030.png,0.3478108854938167
N5K,kMean++,9,31,9_031.png,0.05117286392614834
N5K,kMean++,9,32,9_032.png,0.09075690004434313
N5K,kMean++,9,33,9_033.png,0.14536000996595647
N5K,kMean++,9,34,9_034.png,0.08308108291174637
N5K,kMean++,9,35,9_035.png,0.0844201374281307
N5K,kMean++,9,36,9_036.png,0.09074559042729381
N5K,kMean++,9,37,9_037.png,0.091256962945023
N5K,kMean++,9,38,9_038.png,0.08875152389864731
N5K,kMean++,9,39,9_039.png,0.11233675294068556
N5K,kMean++,9,40,9_040.png,0.17265321003736364
N5K,kMean++,9,41,9_041.png,0.1338186493546474
N5K,kMean++,9,42,9_042.png,0.13823648055637955
N5K,kMean++,9,43,9_043.png,0.11558851755628406
N5K,kMean++,9,44,9_044.png,0.20607367178402117
N5K,kMean++,9,45,9_045.png,0.2948780701794892
N5K,kMean++,9,46,9_046.png,0.2697818948981136
N5K,kMean++,9,47,9_047.png,0.27101139152873055
N5K,kMean++,9,48,9_048.png,0.26361159695970726
N5K,kMean++,9,49,9_049.png,0.2647184633525091
N5K,kMean++,9,50,9_050.png,0.26098552145648435
N5K,kMean++,9,51,9_051.png,0.2508000357645709
N5K,kMean++,9,52,9_052.png,0.24596582242818144
N5K,kMean++,9,53,9_053.png,0.23325864261209606
N5K,kMean++,9,54,9_054.png,0.22226843110933855
N5K,kMean++,9,55,9_055.png,0.21691212919533018
N5K,kMean++,9,56,9_056.png,0.22207224007072932
N5K,kMean++,9,57,9_057.png,0.2197945023636587
N5K,kMean++,9,58,9_058.png,0.2316995997328302
N5K,kMean++,9,59,9_059.png,0.23708117929527806
N5K,kMean++,9,60,9_060.png,0.24829312321615885
N5K,kMean++,9,61,9_061.png,0.2560578009399002
N5K,kMean++,9,62,9_062.png,0.235249567479734
