method,partition,scene,precision,recall,f1,iou,accuracy
BiRefNet,N5K,8,96.8931,98.3912,97.6297,95.3741,99.1801
BiRefNet,N5K,10,92.8522,99.7932,96.1898,92.6732,98.1067
BiRefNet,N5K,6,93.3701,99.7341,96.4408,93.1391,98.5227
BiRefNet,N5K,2,98.9729,94.4804,96.6617,93.5580,99.0469
BiRefNet,N5K,7,96.2134,99.2194,97.6848,95.4837,99.3022
BiRefNet,N5K,3,98.5745,92.8522,95.6231,91.6186,98.8559
BiRefNet,N5K,9,96.8007,98.9380,97.8523,95.8023,99.0707
BiRefNet,N5K,4,96.0701,99.4177,97.7109,95.5340,99.6389
BiRefNet,N5K,5,93.9780,99.3562,96.5870,93.4144,98.1102
BiRefNet,N5K,1,94.4920,99.8046,97.0724,94.3162,97.9204
FoodMem,N5K,8,95.6590,99.2354,97.4080,94.9517,99.1091
FoodMem,N5K,10,92.4804,99.3657,95.7870,91.9298,97.9161
FoodMem,N5K,6,92.0718,99.8011,95.7747,91.9030,98.2534
FoodMem,N5K,2,95.7143,99.0496,97.3408,94.8239,99.2224
FoodMem,N5K,7,93.9102,99.9153,96.8092,93.8345,99.0286
FoodMem,N5K,3,95.0179,98.1679,96.5588,93.3513,99.0783
FoodMem,N5K,9,96.4626,97.1474,96.7904,93.8421,98.7170
FoodMem,N5K,4,96.7219,99.2180,97.9455,95.9796,99.6725
FoodMem,N5K,5,92.6748,98.2067,95.3406,91.1282,97.4307
FoodMem,N5K,1,92.7661,99.9875,96.2366,92.7551,97.3564
SETR_MLA,N5K,8,98.3036,96.1333,97.1635,94.5116,99.0274
SETR_MLA,N5K,10,93.9160,95.5263,94.6916,89.9362,97.4739
SETR_MLA,N5K,6,93.2627,98.5532,95.8220,91.9925,98.2837
SETR_MLA,N5K,2,94.1349,99.0969,96.5378,93.3142,98.9977
SETR_MLA,N5K,7,93.0386,99.8409,96.3096,92.8996,98.8618
SETR_MLA,N5K,3,93.3874,98.8628,96.0367,92.3826,98.9199
SETR_MLA,N5K,9,96.9985,97.9945,97.4847,95.0994,98.9151
SETR_MLA,N5K,4,95.6180,98.6229,97.0726,94.3242,99.5395
SETR_MLA,N5K,5,95.1307,95.2303,95.1596,90.7769,97.4450
SETR_MLA,N5K,1,94.0992,99.7806,96.8517,93.9025,97.7425
SF+X2,N5K,8,97.2027,96.6229,96.9007,93.9987,98.9450
SF+X2,N5K,10,92.6997,99.0310,95.7477,91.8609,97.8933
SF+X2,N5K,6,91.2357,99.8896,95.3601,91.1437,98.0626
SF+X2,N5K,2,98.8837,95.5808,97.1894,94.5497,99.1940
SF+X2,N5K,7,94.4917,99.9239,97.1226,94.4232,99.1299
SF+X2,N5K,3,97.2090,97.2169,97.2069,94.5685,99.2582
SF+X2,N5K,9,93.4396,98.1950,95.7447,91.9014,98.2268
SF+X2,N5K,4,93.3135,99.8670,96.4735,93.1960,99.4335
SF+X2,N5K,5,90.8924,99.3209,94.8964,90.3276,97.1326
SF+X2,N5K,1,93.2409,99.9744,96.4862,93.2184,97.5347
SeTM+S2,N5K,8,68.5323,70.9249,69.4197,56.6889,89.6968
SeTM+S2,N5K,10,69.1128,75.4886,71.8647,59.6676,86.2787
SeTM+S2,N5K,6,58.8973,63.2881,60.8590,46.0719,83.8093
SeTM+S2,N5K,2,64.8840,67.8439,65.9965,53.6908,90.3801
SeTM+S2,N5K,7,61.7841,66.6588,63.8792,50.1076,89.0919
SeTM+S2,N5K,3,64.9818,66.8947,65.5632,52.8141,90.7410
SeTM+S2,N5K,9,66.8997,68.8100,67.5608,53.9800,85.9436
SeTM+S2,N5K,4,55.3034,57.0146,55.9981,41.9313,93.1427
SeTM+S2,N5K,5,63.3858,67.2589,65.0031,50.1886,80.8525
SeTM+S2,N5K,1,73.7233,78.7461,75.6991,63.2397,82.6897
SeTM+S3,N5K,8,97.1187,99.2027,98.1441,96.3598,99.3551
SeTM+S3,N5K,10,93.3869,99.4235,96.3015,92.8818,98.1791
SeTM+S3,N5K,6,92.0289,99.8796,95.7874,91.9268,98.2493
SeTM+S3,N5K,2,93.1585,99.5960,96.2574,92.7975,98.8907
SeTM+S3,N5K,7,92.8253,99.9523,96.2467,92.7835,98.8526
SeTM+S3,N5K,3,94.3942,99.0806,96.6678,93.5587,99.0686
SeTM+S3,N5K,9,97.6935,99.0675,98.3713,96.7985,99.2933
SeTM+S3,N5K,4,97.3959,99.4060,98.3880,96.8306,99.7449
SeTM+S3,N5K,5,95.1080,99.1093,97.0632,94.3029,98.4020
SeTM+S3,N5K,1,93.9916,99.9814,96.8900,93.9751,97.7932
Seg+S3,N5K,8,86.5523,99.9609,92.7185,86.5216,97.2616
Seg+S3,N5K,10,89.7574,99.9178,94.5566,89.6906,97.2596
Seg+S3,N5K,6,85.9611,99.9528,92.3914,85.9315,96.6670
Seg+S3,N5K,2,87.7739,99.9025,93.4201,87.6976,97.9893
Seg+S3,N5K,7,85.4268,99.9991,92.1164,85.4262,97.4690
Seg+S3,N5K,3,89.5535,99.3735,94.1712,89.0576,98.3237
Seg+S3,N5K,9,85.8202,99.9879,92.2869,85.8116,96.4116
Seg+S3,N5K,4,94.1456,71.7169,78.5828,68.8640,97.2804
Seg+S3,N5K,5,65.2108,99.9443,78.4366,65.1758,85.3028
Seg+S3,N5K,1,68.2478,99.9962,81.1024,68.2461,84.2856
SegMan_ADE,N5K,8,63.1606,99.5708,76.4539,62.8677,88.8467
SegMan_ADE,N5K,10,76.0940,97.2966,84.7084,73.9790,91.2370
SegMan_ADE,N5K,6,61.4968,92.2899,71.2839,56.1484,84.1438
SegMan_ADE,N5K,2,50.1545,90.8501,58.4283,44.4549,81.3328
SegMan_ADE,N5K,7,68.8689,91.7850,74.3624,61.6316,88.1785
SegMan_ADE,N5K,3,50.6246,96.1072,62.1145,47.1447,81.5665
SegMan_ADE,N5K,9,61.4969,97.1001,73.1304,58.7446,83.0179
SegMan_ADE,N5K,4,49.1079,68.3371,49.2311,37.2672,89.7683
SegMan_ADE,N5K,5,69.1485,87.9846,72.8346,58.3100,83.3997
SegMan_ADE,N5K,1,72.3390,99.9094,83.5867,72.2724,86.0087
SegMan_FS,N5K,8,98.0672,96.9472,97.4782,95.0892,99.1370
SegMan_FS,N5K,10,93.4610,96.5910,94.9890,90.4700,97.5553
SegMan_FS,N5K,6,92.3905,98.8622,95.5001,91.4093,98.1210
SegMan_FS,N5K,2,98.1479,95.1976,96.6292,93.4967,99.0402
SegMan_FS,N5K,7,94.5340,99.7705,97.0727,94.3270,99.1172
SegMan_FS,N5K,3,97.2497,96.4097,96.8192,93.8377,99.1587
SegMan_FS,N5K,9,95.7790,99.0939,97.3946,94.9335,98.8772
SegMan_FS,N5K,4,91.4268,99.5700,95.2637,91.0275,99.2001
SegMan_FS,N5K,5,93.4110,98.2182,95.7394,91.8388,97.6723
SegMan_FS,N5K,1,94.1429,99.8791,96.9239,94.0356,97.8145
Y+S3,N5K,8,94.1987,98.8231,96.4393,93.1365,98.7632
Y+S3,N5K,10,92.0948,97.3993,94.5826,89.8962,97.3070
Y+S3,N5K,6,90.2876,94.8375,92.3354,86.0221,96.8511
Y+S3,N5K,2,94.3338,98.5942,96.4093,93.0811,98.9317
Y+S3,N5K,7,91.0995,99.9963,95.3292,91.0963,98.5531
Y+S3,N5K,3,94.5843,98.6285,96.5487,93.3358,99.0512
Y+S3,N5K,9,94.4664,98.8645,96.5999,93.4526,98.5468
Y+S3,N5K,4,89.6717,99.9807,94.5358,89.6563,99.0977
Y+S3,N5K,5,91.0854,21.7657,35.0340,21.3061,78.8158
Y+S3,N5K,1,93.6966,99.9718,96.7293,93.6718,97.6900
YOLO,N5K,8,90.7557,95.1426,92.8808,89.2581,98.0910
YOLO,N5K,10,92.0772,54.7043,65.5521,51.7911,88.1071
YOLO,N5K,6,88.8604,89.6031,88.9080,80.4325,95.7510
YOLO,N5K,2,93.9631,95.8533,94.8908,91.6612,98.8153
YOLO,N5K,7,89.6649,98.1507,93.7032,89.5119,98.3611
YOLO,N5K,3,93.5814,97.3751,95.4330,91.2791,98.7845
YOLO,N5K,9,72.7311,66.2703,66.5882,62.2096,91.5113
YOLO,N5K,4,59.3730,51.7448,51.2631,47.3158,95.8372
YOLO,N5K,5,91.1419,40.0401,48.9947,36.4026,82.8864
YOLO,N5K,1,92.9437,93.3388,92.3916,87.0041,95.2231
BiRefNet,MTF,8,25.6989,99.4553,36.7830,25.5253,87.9203
BiRefNet,MTF,6,70.9760,99.6923,77.1963,70.7456,97.0432
BiRefNet,MTF,7,30.2144,99.7213,42.0699,30.1569,91.6767
BiRefNet,MTF,4,87.0673,93.7416,88.6637,82.1134,98.4996
BiRefNet,MTF,2,93.2207,99.5388,95.5087,92.7989,99.2206
BiRefNet,MTF,1,14.0787,97.5148,24.5389,14.0256,91.4313
BiRefNet,MTF,5,75.3721,99.8753,82.7163,75.2641,95.9765
BiRefNet,MTF,3,93.2207,99.5388,95.5087,92.7989,99.2206
BiRefNet,MTF,14,90.7452,99.5412,93.7358,90.4006,98.7873
BiRefNet,MTF,13,58.6927,96.8325,72.4002,57.3623,95.0230
BiRefNet,MTF,9,43.7942,98.0676,58.1057,43.3346,92.1286
BiRefNet,MTF,10,63.5253,91.1384,70.7640,59.1761,94.6737
BiRefNet,MTF,11,30.3656,99.3108,37.8428,29.9964,90.5167
FoodMem,MTF,8,99.5746,89.8171,94.3008,89.5350,99.6736
FoodMem,MTF,6,98.3774,99.9689,99.1656,98.3473,99.9587
FoodMem,MTF,7,94.5958,99.3585,96.7426,94.0266,99.8456
FoodMem,MTF,4,99.9998,94.5911,97.2179,94.5909,99.7325
FoodMem,MTF,2,98.7218,99.9402,99.3259,98.6629,99.9140
FoodMem,MTF,1,99.8682,97.2151,98.5162,97.0886,99.9583
FoodMem,MTF,5,99.5990,99.7802,99.6890,99.3809,99.9566
FoodMem,MTF,3,98.7218,99.9402,99.3259,98.6629,99.9140
FoodMem,MTF,14,99.3642,99.6960,99.5289,99.0633,99.9137
FoodMem,MTF,13,98.8478,97.1826,97.9912,96.0996,99.7462
FoodMem,MTF,9,99.9497,96.9927,98.4406,96.9443,99.8496
FoodMem,MTF,10,96.9989,96.9308,96.7607,94.1708,99.6021
FoodMem,MTF,11,93.8103,98.0578,95.8277,92.0954,99.8689
SETR_MLA,MTF,8,99.5829,78.3835,86.6222,78.0714,99.3967
SETR_MLA,MTF,6,96.0482,99.3623,97.6623,95.4492,99.8840
SETR_MLA,MTF,7,93.8956,92.5233,92.9642,87.1627,99.6673
SETR_MLA,MTF,4,99.6754,93.7555,96.6082,93.4713,99.6887
SETR_MLA,MTF,2,98.3988,98.4836,98.4123,96.9247,99.8075
SETR_MLA,MTF,1,97.7092,93.6089,95.4974,91.5131,99.8794
SETR_MLA,MTF,5,98.5541,99.2761,98.9041,97.8452,99.8466
SETR_MLA,MTF,3,98.3988,98.4836,98.4123,96.9247,99.8075
SETR_MLA,MTF,14,97.8160,99.5952,98.6879,97.4264,99.7627
SETR_MLA,MTF,13,99.8525,94.4107,97.0275,94.2774,99.6320
SETR_MLA,MTF,9,97.7872,94.9389,96.0392,92.8497,99.5821
SETR_MLA,MTF,10,97.2103,90.7013,93.6577,88.2606,99.2647
SETR_MLA,MTF,11,92.1319,95.1839,93.0267,87.9648,99.7469
SF+X2,MTF,8,99.9982,63.5348,75.9868,63.5335,98.9528
SF+X2,MTF,6,99.4628,98.8682,99.1630,98.3417,99.9588
SF+X2,MTF,7,96.9805,98.9293,97.8300,95.9385,99.9025
SF+X2,MTF,4,99.9999,94.4086,97.1215,94.4085,99.7249
SF+X2,MTF,2,99.0571,99.8210,99.4360,98.8799,99.9281
SF+X2,MTF,1,97.8398,99.7469,98.7792,97.5976,99.9643
SF+X2,MTF,5,99.0075,99.8756,99.4385,98.8867,99.9201
SF+X2,MTF,3,99.0571,99.8210,99.4360,98.8799,99.9281
SF+X2,MTF,14,98.3456,99.7024,99.0182,98.0596,99.8242
SF+X2,MTF,13,98.5763,98.4963,98.5246,97.1165,99.8100
SF+X2,MTF,9,98.9988,98.4694,98.7303,97.5011,99.8729
SF+X2,MTF,10,99.3435,96.0859,97.6858,95.4812,99.7351
SF+X2,MTF,11,93.2886,95.4250,94.2909,89.3193,99.8243
SeTM+S2,MTF,8,40.8436,36.7430,37.3451,25.0757,96.7385
SeTM+S2,MTF,6,43.3406,44.2410,43.5395,31.3539,97.1478
SeTM+S2,MTF,7,36.9664,37.6980,36.6255,25.3598,96.8317
SeTM+S2,MTF,4,39.7363,37.6936,37.3340,24.6281,93.9753
SeTM+S2,MTF,2,62.4029,62.5209,62.2043,46.8272,95.1768
SeTM+S2,MTF,1,33.1522,33.7563,33.1683,23.0572,98.1628
SeTM+S2,MTF,5,71.1746,71.0181,70.9194,56.3867,95.9551
SeTM+S2,MTF,3,62.4029,62.5209,62.2043,46.8272,95.1768
SeTM+S2,MTF,14,17.4597,17.6150,16.2269,12.0191,84.3787
SeTM+S2,MTF,13,41.6160,39.5375,40.2343,28.4150,92.4086
SeTM+S2,MTF,9,21.6007,21.5487,21.2052,15.5513,92.0721
SeTM+S2,MTF,10,6.9653,7.2154,6.9323,5.8355,89.0912
SeTM+S2,MTF,11,26.7626,29.8273,27.8454,20.3592,97.8508
SeTM+S3,MTF,8,99.7799,79.8763,88.5917,79.7299,99.4544
SeTM+S3,MTF,6,96.4903,99.8644,98.1433,96.3619,99.9076
SeTM+S3,MTF,7,94.3314,98.2493,96.1403,92.7673,99.8102
SeTM+S3,MTF,4,99.8998,95.5593,97.6762,95.4655,99.7774
SeTM+S3,MTF,2,98.3242,99.6029,98.9581,97.9389,99.8668
SeTM+S3,MTF,1,98.2770,98.3136,98.2873,96.6368,99.9512
SeTM+S3,MTF,5,99.3414,99.4669,99.4026,98.8140,99.9168
SeTM+S3,MTF,3,98.3242,99.6029,98.9581,97.9389,99.8668
SeTM+S3,MTF,14,98.8406,99.5596,99.1956,98.4080,99.8594
SeTM+S3,MTF,13,99.9330,96.7490,98.2921,96.6841,99.7835
SeTM+S3,MTF,9,99.6647,94.8141,97.1184,94.4942,99.7180
SeTM+S3,MTF,10,97.0287,94.9686,95.6124,92.2600,99.4281
SeTM+S3,MTF,11,93.3212,98.4049,95.7413,91.9382,99.8660
Seg+S3,MTF,8,92.2556,98.4754,94.6745,90.9543,99.6369
Seg+S3,MTF,6,90.2072,99.5903,94.6525,89.8842,99.7226
Seg+S3,MTF,7,90.6985,91.9561,90.9113,84.0691,99.5678
Seg+S3,MTF,4,100.0000,4.1158,7.7447,4.1158,95.1589
Seg+S3,MTF,2,50.2310,99.8505,66.7391,50.1873,93.7309
Seg+S3,MTF,1,87.5832,0.6089,1.2054,0.6083,98.5810
Seg+S3,MTF,5,99.5951,27.6505,43.1310,27.6194,94.9669
Seg+S3,MTF,3,50.2310,99.8505,66.7391,50.1873,93.7309
Seg+S3,MTF,14,99.9645,14.4648,24.5846,14.4640,92.0535
Seg+S3,MTF,13,100.0000,73.3473,83.8410,73.3473,98.2518
Seg+S3,MTF,9,99.9830,0.6422,1.2678,0.6422,94.9806
Seg+S3,MTF,10,0.0000,0.0000,0.0000,0.0000,93.9587
Seg+S3,MTF,11,99.6917,51.4298,67.3160,51.3446,99.2897
SegMan_ADE,MTF,8,68.0772,75.9700,65.8567,52.7079,97.8308
SegMan_ADE,MTF,6,81.4445,71.3138,68.5153,55.7014,98.5427
SegMan_ADE,MTF,7,73.2076,80.3866,70.6008,57.6965,98.3413
SegMan_ADE,MTF,4,9.5000,0.9666,1.5860,0.9666,95.0169
SegMan_ADE,MTF,2,52.2831,99.5240,68.1706,52.1285,94.0030
SegMan_ADE,MTF,1,14.5620,2.6633,4.1523,2.6613,98.6148
SegMan_ADE,MTF,5,73.0903,94.2115,80.4654,68.5406,96.9740
SegMan_ADE,MTF,3,52.2831,99.5240,68.1706,52.1285,94.0030
SegMan_ADE,MTF,14,85.7741,66.7164,68.9622,60.0225,96.4382
SegMan_ADE,MTF,13,73.3333,20.7767,29.2801,20.7767,94.9453
SegMan_ADE,MTF,9,63.3333,18.5914,25.4076,18.5914,95.9713
SegMan_ADE,MTF,10,0.0000,0.0000,0.0000,0.0000,93.9587
SegMan_ADE,MTF,11,42.4588,87.7858,50.7016,36.4418,96.9237
SegMan_FS,MTF,8,79.0156,48.3292,55.7680,47.6477,98.4984
SegMan_FS,MTF,6,98.4105,95.1724,96.6635,93.7486,99.8465
SegMan_FS,MTF,7,93.5783,91.2752,92.0015,85.6971,99.6094
SegMan_FS,MTF,4,97.0160,94.4285,95.4769,91.7277,99.5427
SegMan_FS,MTF,2,99.0964,97.9905,98.5293,97.1068,99.8200
SegMan_FS,MTF,1,56.1167,99.1780,63.8627,55.7296,93.7604
SegMan_FS,MTF,5,98.6253,99.1047,98.8529,97.7508,99.8367
SegMan_FS,MTF,3,99.0964,97.9905,98.5293,97.1068,99.8200
SegMan_FS,MTF,14,97.1881,99.5578,98.3444,96.7684,99.6906
SegMan_FS,MTF,13,94.8837,96.4688,94.9596,91.6140,99.1245
SegMan_FS,MTF,9,99.1704,95.0164,96.9924,94.2375,99.7073
SegMan_FS,MTF,10,93.6475,94.8507,93.0841,88.9264,98.3810
SegMan_FS,MTF,11,92.3335,87.9115,88.9913,81.8980,99.7171
Y+S3,MTF,8,99.8682,71.5406,83.0635,71.4653,99.1747
Y+S3,MTF,6,94.4633,99.9842,97.1380,94.4488,99.8562
Y+S3,MTF,7,94.9651,81.4978,87.0097,77.8793,99.3292
Y+S3,MTF,4,99.9110,96.8122,98.3319,96.7267,99.8400
Y+S3,MTF,2,92.2131,99.9628,94.2221,92.1787,96.0854
Y+S3,MTF,1,93.2062,99.7271,96.3457,92.9631,99.8948
Y+S3,MTF,5,98.4144,96.9406,97.5175,95.4260,99.6848
Y+S3,MTF,3,91.3593,99.9642,93.4254,91.3262,95.3290
Y+S3,MTF,14,95.9730,99.8670,97.8724,95.8482,99.6375
Y+S3,MTF,13,99.2365,98.3661,98.7773,97.6183,99.8435
Y+S3,MTF,9,97.3719,99.2775,98.3099,96.6917,99.8295
Y+S3,MTF,10,99.6512,92.7138,96.0529,92.4164,99.5562
Y+S3,MTF,11,16.7071,100.0000,28.5851,16.7071,92.5430
YOLO,MTF,8,44.0807,35.8572,37.7290,33.3350,95.9506
YOLO,MTF,6,76.7382,82.3063,78.5146,76.0948,98.2909
YOLO,MTF,7,58.7185,69.2250,61.9899,56.3211,98.4925
YOLO,MTF,4,95.4002,93.5880,94.3768,92.5376,99.6511
YOLO,MTF,2,53.2532,60.3342,54.9136,53.1918,93.7959
YOLO,MTF,1,88.7658,98.1118,90.5294,87.1009,94.8538
YOLO,MTF,5,92.2457,99.3052,93.9811,91.5961,96.7877
YOLO,MTF,3,53.2532,60.3343,54.9136,53.1918,93.7959
YOLO,MTF,14,92.4472,89.6515,89.5021,85.5655,98.5754
YOLO,MTF,13,94.6275,95.6782,95.1305,93.6980,99.5828
YOLO,MTF,9,96.9804,97.8973,97.3704,94.9589,99.7435
YOLO,MTF,10,89.0058,82.8043,85.7463,81.9535,98.7812
YOLO,MTF,11,18.2037,23.2690,19.4425,18.1596,96.2578
BiRefNet,VF,banana,49.7261,89.3682,54.2798,49.5848,89.5926
BiRefNet,VF,avocado,56.6717,90.8315,64.3075,56.4826,97.0824
BiRefNet,VF,blackberry,53.1585,93.9060,62.6022,53.0486,93.7573
BiRefNet,VF,apple,39.0246,72.8228,44.0408,31.0139,92.7153
FoodMem,VF,banana,94.6449,95.5325,94.9757,90.6061,99.6053
FoodMem,VF,avocado,98.7125,99.4149,99.0608,98.1414,99.9397
FoodMem,VF,blackberry,96.1120,98.8963,97.3633,95.2403,99.8036
FoodMem,VF,apple,41.0581,72.8848,45.7131,32.4835,93.1733
SETR_MLA,VF,banana,90.6750,94.2521,91.5557,85.7978,99.3737
SETR_MLA,VF,avocado,96.2680,96.5302,95.9364,93.0374,99.7764
SETR_MLA,VF,blackberry,93.0075,97.6145,94.9114,91.7972,99.6379
SETR_MLA,VF,apple,40.1051,72.5951,44.9779,31.8132,92.9780
SF+X2,VF,banana,95.7593,98.3411,96.9890,94.2264,99.7678
SF+X2,VF,avocado,99.2218,98.5196,98.8654,97.7605,99.9260
SF+X2,VF,blackberry,96.3363,98.8104,97.4365,95.3830,99.8152
SF+X2,VF,apple,40.8457,73.3473,45.6983,32.4889,93.1118
SeTM+S2,VF,banana,33.4565,31.3398,23.1724,14.0478,93.2344
SeTM+S2,VF,avocado,48.1650,47.6024,29.5888,18.6330,94.3527
SeTM+S2,VF,blackberry,39.5594,37.8068,31.8286,22.2360,92.9904
SeTM+S2,VF,apple,43.5500,76.6024,47.9178,34.9766,93.4337
SeTM+S3,VF,banana,95.8841,96.4960,96.1022,92.6022,99.6457
SeTM+S3,VF,avocado,99.3148,98.8603,99.0852,98.1899,99.9427
SeTM+S3,VF,blackberry,96.0447,99.8122,97.8865,95.8844,99.8044
SeTM+S3,VF,apple,41.1040,72.8002,45.7148,32.4621,93.1927
Seg+S3,VF,banana,0.0005,0.0000,0.0001,0.0000,95.0599
Seg+S3,VF,avocado,99.9157,91.3509,95.3614,91.2776,99.6202
Seg+S3,VF,blackberry,99.0486,76.4922,86.0306,76.2853,98.7837
Seg+S3,VF,apple,3.6790,0.0785,0.1499,0.0764,94.8816
SegMan_ADE,VF,banana,0.4310,0.0098,0.0192,0.0098,95.4947
SegMan_ADE,VF,avocado,39.5349,19.6959,24.3226,19.6959,97.3283
SegMan_ADE,VF,blackberry,90.2173,48.8534,60.7163,48.6685,98.2008
SegMan_ADE,VF,apple,0.5906,0.0283,0.0539,0.0279,94.8872
SegMan_FS,VF,banana,90.4709,95.8297,92.2779,86.8734,99.4376
SegMan_FS,VF,avocado,96.4679,91.4959,93.2156,88.5050,99.6767
SegMan_FS,VF,blackberry,93.9582,96.8795,95.1983,92.1969,99.6591
SegMan_FS,VF,apple,40.8066,72.8757,45.5221,32.2680,93.1424
Y+S3,VF,banana,94.6748,96.5852,95.5350,91.5537,99.6222
Y+S3,VF,avocado,94.0810,99.9940,96.9284,94.0754,99.8125
Y+S3,VF,blackberry,92.1347,99.9362,95.8493,92.0914,99.6217
Y+S3,VF,apple,40.9199,73.2693,45.7157,32.4781,93.1340
YOLO,VF,banana,56.2599,71.2011,59.9086,53.4190,96.9752
YOLO,VF,avocado,51.0483,63.6527,54.8373,50.9981,96.9124
YOLO,VF,blackberry,48.6477,67.9785,54.7012,48.5521,95.8794
YOLO,VF,apple,35.7200,72.8349,41.8313,29.0384,91.8248
BiRefNet,FKIT,orange,98.9476,99.5923,99.2686,98.5480,99.9676
BiRefNet,FKIT,empanadilla,99.4172,96.8515,98.1076,96.3073,99.9377
BiRefNet,FKIT,yellow_cane,97.6502,99.7936,98.7058,97.4511,99.8857
BiRefNet,FKIT,capsicum,98.6905,99.4225,99.0531,98.1259,99.9528
BiRefNet,FKIT,chocolate_bomb,96.5774,99.3243,97.2850,95.9337,99.7458
BiRefNet,FKIT,pear,98.9271,99.0160,98.9697,97.9618,99.9659
BiRefNet,FKIT,samosa,97.7309,98.7882,97.9249,96.7372,99.8939
BiRefNet,FKIT,apple_pie,97.7421,99.7286,98.4980,97.4814,99.8947
BiRefNet,FKIT,chocolate_cake,99.3288,99.6139,99.4701,98.9473,99.9634
BiRefNet,FKIT,donut,99.2923,98.8776,99.0820,98.1836,99.9283
BiRefNet,FKIT,napolitanas,98.8237,98.9481,98.8810,97.7923,99.9524
BiRefNet,FKIT,paxoco_mini,97.8830,99.3688,98.6167,97.2785,99.9590
BiRefNet,FKIT,aguacate,98.8172,99.0300,98.9185,97.8648,99.9810
BiRefNet,FKIT,banana,99.7601,95.3783,97.5121,95.1593,99.9245
BiRefNet,FKIT,chocolate_croissant,98.9474,99.1636,99.0538,98.1270,99.9549
BiRefNet,FKIT,french_bread,98.7893,97.4780,98.0043,96.3244,99.9152
BiRefNet,FKIT,mini_chocolate_panettone,98.9556,99.8488,99.3997,98.8073,99.9692
BiRefNet,FKIT,falafel,97.9560,99.7019,98.8185,97.6685,99.9785
BiRefNet,FKIT,lemon,98.9994,99.4144,99.2040,98.4215,99.9749
BiRefNet,FKIT,durum,98.4278,98.8944,98.6553,97.3501,99.8892
BiRefNet,FKIT,apple,99.9420,98.2137,99.0696,98.1574,99.9272
FoodMem,FKIT,orange,98.8245,99.9922,99.4047,98.8168,99.9733
FoodMem,FKIT,empanadilla,99.4624,97.2995,98.3490,96.7857,99.9463
FoodMem,FKIT,yellow_cane,46.7113,2.5424,4.7748,2.5424,96.1680
FoodMem,FKIT,capsicum,98.2029,99.8935,99.0401,98.1000,99.9518
FoodMem,FKIT,chocolate_bomb,99.3409,99.4966,99.4174,98.8437,99.9769
FoodMem,FKIT,pear,98.5521,99.7019,99.1214,98.2600,99.9666
FoodMem,FKIT,samosa,98.9453,99.7970,99.3674,98.7439,99.9768
FoodMem,FKIT,apple_pie,99.3524,99.8308,99.5904,99.1847,99.9834
FoodMem,FKIT,chocolate_cake,98.2450,99.9942,99.1103,98.2393,99.9380
FoodMem,FKIT,donut,98.6974,99.9611,99.3245,98.6594,99.9467
FoodMem,FKIT,napolitanas,99.1763,99.8760,99.5246,99.0540,99.9790
FoodMem,FKIT,paxoco_mini,99.3479,99.0927,99.2136,98.4447,99.9759
FoodMem,FKIT,aguacate,98.4258,99.8438,99.1268,98.2706,99.9838
FoodMem,FKIT,banana,97.6063,99.4492,98.5088,97.0697,99.9534
FoodMem,FKIT,chocolate_croissant,99.3486,99.5926,99.4686,98.9446,99.9746
FoodMem,FKIT,french_bread,98.9339,98.9007,98.9133,97.8583,99.9538
FoodMem,FKIT,mini_chocolate_panettone,99.6247,49.7979,64.1708,49.7500,98.5978
FoodMem,FKIT,falafel,99.5789,99.0761,99.3216,98.6568,99.9870
FoodMem,FKIT,lemon,97.3815,99.9992,98.6719,97.3807,99.9592
FoodMem,FKIT,durum,97.5443,99.9488,98.7297,97.4963,99.8973
FoodMem,FKIT,apple,99.9205,99.1242,99.5198,99.0455,99.9615
SETR_MLA,FKIT,orange,99.1362,96.6653,97.8362,95.8193,99.9126
SETR_MLA,FKIT,empanadilla,98.4575,90.6739,94.2225,89.3598,99.7785
SETR_MLA,FKIT,yellow_cane,88.1710,23.6930,34.2974,23.5462,96.9355
SETR_MLA,FKIT,capsicum,97.7845,97.5903,97.6584,95.4550,99.8833
SETR_MLA,FKIT,chocolate_bomb,99.1734,93.4783,96.1731,92.7322,99.8503
SETR_MLA,FKIT,pear,94.4212,94.9998,94.3360,89.8682,99.7935
SETR_MLA,FKIT,samosa,98.5103,94.9897,96.5963,93.6061,99.8768
SETR_MLA,FKIT,apple_pie,97.6695,98.9416,98.2630,96.6513,99.9272
SETR_MLA,FKIT,chocolate_cake,94.9233,98.6002,96.4060,93.6570,99.7066
SETR_MLA,FKIT,donut,99.4321,91.6341,95.0009,91.0954,99.6180
SETR_MLA,FKIT,napolitanas,98.8834,85.8119,91.4286,84.9479,99.6751
SETR_MLA,FKIT,paxoco_mini,98.1915,95.9852,96.9389,94.2694,99.8985
SETR_MLA,FKIT,aguacate,97.1820,96.7594,96.8359,94.0454,99.9410
SETR_MLA,FKIT,banana,93.7981,97.6955,95.6525,91.7063,99.8607
SETR_MLA,FKIT,chocolate_croissant,97.6813,92.1411,94.5614,90.0882,99.7467
SETR_MLA,FKIT,french_bread,99.0035,93.5901,96.1761,92.7110,99.8400
SETR_MLA,FKIT,mini_chocolate_panettone,94.4506,38.7903,51.3769,38.6641,98.3930
SETR_MLA,FKIT,falafel,97.4367,94.1079,95.2326,91.7036,99.7796
SETR_MLA,FKIT,lemon,95.4983,99.0181,97.1670,94.5620,99.9097
SETR_MLA,FKIT,durum,98.4431,91.4802,94.5893,90.0752,99.5946
SETR_MLA,FKIT,apple,98.2165,98.1115,97.8029,96.3478,99.6635
SF+X2,FKIT,orange,98.4922,99.9990,99.2395,98.4912,99.9652
SF+X2,FKIT,empanadilla,98.5775,98.5830,98.5724,97.2031,99.9513
SF+X2,FKIT,yellow_cane,98.9506,94.2416,95.0606,93.2046,99.6648
SF+X2,FKIT,capsicum,97.1859,99.9715,98.5561,97.1600,99.9252
SF+X2,FKIT,chocolate_bomb,98.0404,99.5501,98.7382,97.6226,99.9532
SF+X2,FKIT,pear,96.0631,99.9869,97.9809,96.0511,99.9164
SF+X2,FKIT,samosa,98.7245,99.8380,99.2768,98.5650,99.9738
SF+X2,FKIT,apple_pie,98.3183,99.9854,99.1431,98.3046,99.9669
SF+X2,FKIT,chocolate_cake,98.5290,99.9910,99.2532,98.5203,99.9482
SF+X2,FKIT,donut,98.7526,99.9527,99.3483,98.7063,99.9486
SF+X2,FKIT,napolitanas,96.6603,99.6772,97.9377,96.4082,99.8660
SF+X2,FKIT,paxoco_mini,92.2751,99.7814,95.1315,92.1452,99.7814
SF+X2,FKIT,aguacate,98.3845,99.8554,99.1118,98.2412,99.9835
SF+X2,FKIT,banana,98.1334,99.4327,98.7704,97.5764,99.9612
SF+X2,FKIT,chocolate_croissant,99.7788,94.6420,96.8704,94.4235,99.8743
SF+X2,FKIT,french_bread,98.8259,99.1774,98.9986,98.0230,99.9564
SF+X2,FKIT,mini_chocolate_panettone,0.0000,0.0000,0.0000,0.0000,97.3888
SF+X2,FKIT,falafel,87.2252,99.9997,91.1185,87.2252,99.6722
SF+X2,FKIT,lemon,97.0629,99.9990,98.5074,97.0620,99.9543
SF+X2,FKIT,durum,95.1519,55.4947,61.6480,54.8860,98.0353
SF+X2,FKIT,apple,99.9638,98.7486,99.3509,98.7129,99.9480
SeTM+S2,FKIT,orange,54.2248,54.9476,53.8289,40.5461,97.8824
SeTM+S2,FKIT,empanadilla,38.8294,37.3341,37.1445,24.7058,97.6219
SeTM+S2,FKIT,yellow_cane,9.1702,0.6388,1.1860,0.6321,96.0474
SeTM+S2,FKIT,capsicum,46.3901,46.9499,46.2209,32.9820,97.3053
SeTM+S2,FKIT,chocolate_bomb,44.2931,42.0890,39.9215,28.5019,97.1395
SeTM+S2,FKIT,pear,45.5866,45.9580,44.9038,32.5865,98.0504
SeTM+S2,FKIT,samosa,35.0717,35.2003,34.3286,23.5758,97.5223
SeTM+S2,FKIT,apple_pie,36.8909,37.5686,33.9627,23.0937,96.9166
SeTM+S2,FKIT,chocolate_cake,45.2311,45.8560,44.1512,31.3021,95.9508
SeTM+S2,FKIT,donut,50.8867,50.8982,49.2653,35.5516,96.0104
SeTM+S2,FKIT,napolitanas,53.8439,53.8979,53.2498,39.0175,97.8690
SeTM+S2,FKIT,paxoco_mini,33.5032,32.0364,32.1935,22.0167,97.8639
SeTM+S2,FKIT,aguacate,43.8967,41.8910,42.6619,32.4885,99.0100
SeTM+S2,FKIT,banana,28.3617,29.9258,28.8954,18.2271,97.7379
SeTM+S2,FKIT,chocolate_croissant,45.1108,44.2552,43.8163,29.8190,97.2953
SeTM+S2,FKIT,french_bread,47.9351,47.7890,44.0152,30.8304,97.0913
SeTM+S2,FKIT,mini_chocolate_panettone,50.2229,18.3730,26.4264,16.8019,97.3764
SeTM+S2,FKIT,falafel,27.5953,27.6517,26.8207,18.5565,98.6182
SeTM+S2,FKIT,lemon,32.7547,34.5263,33.1630,23.2368,97.9048
SeTM+S2,FKIT,durum,54.2531,54.7053,53.1627,39.5442,96.0581
SeTM+S2,FKIT,apple,69.5826,67.6311,68.1059,54.5449,97.4967
SeTM+S3,FKIT,orange,98.5219,99.7368,99.1233,98.2632,99.9615
SeTM+S3,FKIT,empanadilla,99.9627,94.4952,97.1358,94.4624,99.9025
SeTM+S3,FKIT,yellow_cane,72.9648,3.1425,5.9299,3.1425,96.1779
SeTM+S3,FKIT,capsicum,98.7388,99.2144,98.9749,97.9719,99.9487
SeTM+S3,FKIT,chocolate_bomb,99.8737,96.7687,98.2898,96.6489,99.9307
SeTM+S3,FKIT,pear,99.2464,96.8200,98.0038,96.1033,99.9294
SeTM+S3,FKIT,samosa,99.5856,98.1003,98.8339,97.6981,99.9583
SeTM+S3,FKIT,apple_pie,99.8090,98.4778,99.1376,98.2912,99.9605
SeTM+S3,FKIT,chocolate_cake,95.0539,99.9960,97.4572,95.0502,99.8178
SeTM+S3,FKIT,donut,99.6336,98.3333,98.9763,97.9771,99.9194
SeTM+S3,FKIT,napolitanas,99.3069,98.6564,98.9753,97.9755,99.9566
SeTM+S3,FKIT,paxoco_mini,99.8223,96.4590,98.1059,96.2905,99.9421
SeTM+S3,FKIT,aguacate,99.8990,95.6852,97.7250,95.5884,99.9639
SeTM+S3,FKIT,banana,93.5770,99.5123,96.4378,93.1372,99.8855
SeTM+S3,FKIT,chocolate_croissant,99.7137,97.6721,98.6800,97.3984,99.9383
SeTM+S3,FKIT,french_bread,99.0517,97.5253,98.2749,96.6206,99.9270
SeTM+S3,FKIT,mini_chocolate_panettone,99.9992,33.5960,48.1443,33.5959,98.2096
SeTM+S3,FKIT,falafel,99.9907,94.1773,96.9802,94.1688,99.9506
SeTM+S3,FKIT,lemon,95.7073,99.9772,97.7883,95.6856,99.9317
SeTM+S3,FKIT,durum,95.7962,99.8474,97.7747,95.6539,99.8162
SeTM+S3,FKIT,apple,99.8795,98.1279,98.9940,98.0106,99.9207
Seg+S3,FKIT,orange,99.9924,21.3237,34.6470,21.3236,98.2183
Seg+S3,FKIT,empanadilla,93.7484,14.2421,23.4189,14.2418,98.2789
Seg+S3,FKIT,yellow_cane,0.0000,0.0000,0.0000,0.0000,96.0333
Seg+S3,FKIT,capsicum,99.5860,15.2895,25.3034,15.2820,97.9093
Seg+S3,FKIT,chocolate_bomb,8.7821,1.3298,2.2205,1.1984,95.1748
Seg+S3,FKIT,pear,99.1703,0.6148,1.2188,0.6148,98.2234
Seg+S3,FKIT,samosa,99.9760,58.2302,71.8813,58.2174,99.2481
Seg+S3,FKIT,apple_pie,0.0000,0.0000,0.0000,0.0000,97.4586
Seg+S3,FKIT,chocolate_cake,99.9991,33.7966,46.9326,33.7962,97.6684
Seg+S3,FKIT,donut,99.9701,69.8073,81.0582,69.7876,98.8094
Seg+S3,FKIT,napolitanas,99.9730,56.1316,71.0600,56.1227,99.0559
Seg+S3,FKIT,paxoco_mini,99.9463,24.9605,38.1541,24.9601,98.7620
Seg+S3,FKIT,aguacate,0.3164,0.0049,0.0095,0.0048,99.0775
Seg+S3,FKIT,banana,88.8519,22.2480,24.8828,21.9447,98.8179
Seg+S3,FKIT,chocolate_croissant,90.9699,2.6863,5.0424,2.6861,97.5760
Seg+S3,FKIT,french_bread,99.7039,47.7395,61.7088,47.7387,98.8949
Seg+S3,FKIT,mini_chocolate_panettone,0.0000,0.0001,0.0000,0.0000,96.3689
Seg+S3,FKIT,falafel,99.9976,28.6945,43.5558,28.6941,99.3371
Seg+S3,FKIT,lemon,99.0260,0.8469,1.6734,0.8469,98.4512
Seg+S3,FKIT,durum,87.1721,42.1198,49.7767,42.0227,97.3836
Seg+S3,FKIT,apple,77.9686,0.1588,0.3159,0.1588,95.9819
SegMan_ADE,FKIT,orange,25.2026,5.9566,8.2213,5.8964,97.8911
SegMan_ADE,FKIT,empanadilla,42.9655,13.9932,17.5747,13.2572,98.3249
SegMan_ADE,FKIT,yellow_cane,0.0000,0.0000,0.0000,0.0000,96.0333
SegMan_ADE,FKIT,capsicum,34.0374,13.4955,16.8575,13.2800,97.8090
SegMan_ADE,FKIT,chocolate_bomb,30.3237,10.7893,12.7618,10.4425,98.1230
SegMan_ADE,FKIT,pear,46.9243,20.1270,24.9209,19.4669,98.4822
SegMan_ADE,FKIT,samosa,44.1049,14.4403,19.0432,14.2399,98.4032
SegMan_ADE,FKIT,apple_pie,58.0568,20.4695,26.5804,20.3357,98.3025
SegMan_ADE,FKIT,chocolate_cake,83.2388,38.6101,49.0552,38.5800,97.9168
SegMan_ADE,FKIT,donut,91.6886,43.0743,54.1672,42.7453,97.8462
SegMan_ADE,FKIT,napolitanas,74.1122,26.1231,35.7334,26.1081,98.3803
SegMan_ADE,FKIT,paxoco_mini,52.2750,24.9042,28.1550,22.1220,98.7248
SegMan_ADE,FKIT,aguacate,18.4415,8.0074,9.3762,7.2194,99.1246
SegMan_ADE,FKIT,banana,0.5183,0.0325,0.0552,0.0325,98.4336
SegMan_ADE,FKIT,chocolate_croissant,12.9234,1.4714,2.3673,1.4714,97.5531
SegMan_ADE,FKIT,french_bread,79.0935,38.3562,47.4014,37.3349,98.5938
SegMan_ADE,FKIT,mini_chocolate_panettone,7.1921,1.9008,2.7011,1.8997,97.4271
SegMan_ADE,FKIT,falafel,21.6294,6.6430,8.6219,6.3552,99.0755
SegMan_ADE,FKIT,lemon,58.2019,24.1037,29.4720,23.3682,98.8703
SegMan_ADE,FKIT,durum,83.6079,44.1710,54.2084,43.8979,97.7555
SegMan_ADE,FKIT,apple,2.9831,0.4514,0.6659,0.4514,95.9883
SegMan_FS,FKIT,orange,93.3113,99.7883,95.9719,93.1114,99.7502
SegMan_FS,FKIT,empanadilla,93.5540,93.0703,92.6867,88.0790,99.7181
SegMan_FS,FKIT,yellow_cane,33.4381,3.9614,6.2326,3.8443,95.8961
SegMan_FS,FKIT,capsicum,92.2550,99.4760,95.5145,91.7863,99.7513
SegMan_FS,FKIT,chocolate_bomb,73.5767,53.6706,55.6291,50.4622,98.8897
SegMan_FS,FKIT,pear,91.0180,94.1744,91.2894,85.6567,99.6245
SegMan_FS,FKIT,samosa,93.1007,95.6614,93.5848,89.2779,99.7674
SegMan_FS,FKIT,apple_pie,96.1466,95.1313,95.1779,91.4387,99.8073
SegMan_FS,FKIT,chocolate_cake,89.1371,99.3395,92.4035,88.5393,99.2896
SegMan_FS,FKIT,donut,89.4414,96.0774,90.2221,85.8827,98.8954
SegMan_FS,FKIT,napolitanas,83.8212,87.5699,82.4324,75.2786,99.1420
SegMan_FS,FKIT,paxoco_mini,91.8184,86.8777,86.8381,80.5388,99.6798
SegMan_FS,FKIT,aguacate,85.7578,87.0276,81.2477,73.7054,99.3453
SegMan_FS,FKIT,banana,81.7716,98.4957,87.3645,80.6822,99.3118
SegMan_FS,FKIT,chocolate_croissant,74.9899,43.7454,49.0058,38.0738,97.9198
SegMan_FS,FKIT,french_bread,92.1084,96.8597,93.7226,89.2933,99.7061
SegMan_FS,FKIT,mini_chocolate_panettone,56.4293,19.1398,24.9545,19.0066,97.3570
SegMan_FS,FKIT,falafel,86.1742,91.2558,85.4785,79.0562,99.6565
SegMan_FS,FKIT,lemon,84.5933,99.7223,89.0980,84.4549,99.4536
SegMan_FS,FKIT,durum,95.6113,91.7647,92.8972,88.3369,99.4204
SegMan_FS,FKIT,apple,95.8660,98.2631,96.7974,94.2637,99.7405
Y+S3,FKIT,orange,95.0074,99.9858,97.4276,94.9939,99.8842
Y+S3,FKIT,empanadilla,90.4810,99.9245,94.9529,90.4176,99.8076
Y+S3,FKIT,yellow_cane,98.3284,99.2618,98.7905,97.6119,99.9069
Y+S3,FKIT,capsicum,95.1561,99.9063,97.4677,95.0690,99.8702
Y+S3,FKIT,chocolate_bomb,98.1625,14.3302,23.2960,14.2978,97.8459
Y+S3,FKIT,pear,92.4310,99.9443,96.0324,92.3816,99.8625
Y+S3,FKIT,samosa,92.1910,99.9470,95.8887,92.1423,99.8542
Y+S3,FKIT,apple_pie,93.1112,99.9993,96.4165,93.1106,99.8585
Y+S3,FKIT,chocolate_cake,96.5501,99.5655,98.0324,96.1443,99.8620
Y+S3,FKIT,donut,97.7984,54.6240,69.5807,53.9456,98.1304
Y+S3,FKIT,napolitanas,93.5397,99.9743,96.6421,93.5164,99.8502
Y+S3,FKIT,paxoco_mini,95.3836,94.9680,95.0807,90.7511,99.8571
Y+S3,FKIT,aguacate,93.1118,99.9101,96.3813,93.0304,99.9301
Y+S3,FKIT,banana,91.7084,99.7261,95.5367,91.4690,99.8550
Y+S3,FKIT,chocolate_croissant,97.7834,76.3327,85.4597,75.0054,99.3653
Y+S3,FKIT,french_bread,86.9617,99.3857,91.7259,86.5083,99.5615
Y+S3,FKIT,mini_chocolate_panettone,93.2407,99.4199,96.2054,92.7307,99.7961
Y+S3,FKIT,falafel,90.9320,99.9950,95.2346,90.9275,99.9110
Y+S3,FKIT,lemon,95.0367,99.9623,97.4289,95.0009,99.9219
Y+S3,FKIT,durum,98.2682,99.0953,98.6760,97.3893,99.8871
Y+S3,FKIT,apple,99.6145,98.8784,99.2427,98.4987,99.9405
YOLO,FKIT,orange,71.6026,78.4021,73.8087,71.5859,97.6287
YOLO,FKIT,empanadilla,65.5445,76.6547,69.5620,65.0615,99.0800
YOLO,FKIT,yellow_cane,14.9596,15.8692,14.6592,13.8502,95.4374
YOLO,FKIT,capsicum,73.5622,79.6646,73.8829,70.8432,92.8169
YOLO,FKIT,chocolate_bomb,57.7118,44.3322,44.7227,40.7468,98.1085
YOLO,FKIT,pear,39.3785,49.2441,40.6896,38.7311,76.4948
YOLO,FKIT,samosa,61.8699,71.9954,65.6004,61.8349,98.9308
YOLO,FKIT,apple_pie,65.1832,76.9353,68.8478,65.0385,98.8740
YOLO,FKIT,chocolate_cake,43.0456,47.0521,44.3601,42.6353,95.8278
YOLO,FKIT,donut,91.4254,65.2537,73.6173,62.0563,98.1052
YOLO,FKIT,napolitanas,76.3352,91.4681,81.0412,76.2330,98.3609
YOLO,FKIT,paxoco_mini,64.6727,73.0474,67.3126,63.6138,99.2089
YOLO,FKIT,aguacate,23.7214,31.1539,24.7575,23.6440,76.2583
YOLO,FKIT,banana,41.3152,45.2984,43.0366,40.9859,98.9712
YOLO,FKIT,chocolate_croissant,32.0330,28.1751,26.6485,22.9605,96.4507
YOLO,FKIT,french_bread,78.9211,92.4652,83.1510,78.1569,99.1351
YOLO,FKIT,mini_chocolate_panettone,49.8258,54.9485,51.8291,49.6381,98.5370
YOLO,FKIT,falafel,57.1051,71.1459,59.9643,57.0241,93.8707
YOLO,FKIT,lemon,73.7992,86.6882,76.8272,73.7010,94.2841
YOLO,FKIT,durum,75.7690,71.0695,69.3977,63.3586,97.0434
YOLO,FKIT,apple,95.8404,96.1183,95.7974,94.6725,99.4323
